date_id,day_of_week,month_name,year
D101,Friday,12,2024
D102,Monday,12,2024
D103,Saturday,12,2024
D104,Sunday,12,2024
D105,Thursday,12,2024
D106,Tuesday,12,2024
D107,Wednesday,12,2024
D108,Friday,11,2024
D109,Monday,11,2024
D110,Saturday,11,2024
D111,Sunday,11,2024
D112,Thursday,11,2024
D113,Tuesday,11,2024
D114,Wednesday,11,2024
D115,Friday,10,2024
D116,Monday,10,2024
D117,Saturday,10,2024
D118,Sunday,10,2024
D119,Thursday,10,2024
D120,Tuesday,10,2024
D121,Wednesday,10,2024
D122,Friday,9,2024
D123,Monday,9,2024
D124,Saturday,9,2024
D125,Sunday,9,2024
D126,Thursday,9,2024
D127,Tuesday,9,2024
D128,Wednesday,9,2024
D129,Friday,8,2024
D130,Monday,8,2024
D131,Saturday,8,2024
D132,Sunday,8,2024
D133,Thursday,8,2024
D134,Tuesday,8,2024
D135,Wednesday,8,2024
D136,Friday,7,2024
D137,Monday,7,2024
D138,Saturday,7,2024
D139,Sunday,7,2024
D140,Thursday,7,2024
D141,Tuesday,7,2024
D142,Wednesday,7,2024
D143,Friday,6,2024
D144,Monday,6,2024
D145,Saturday,6,2024
D146,Sunday,6,2024
D147,Thursday,6,2024
D148,Tuesday,6,2024
D149,Wednesday,6,2024
D150,Friday,5,2024
D151,Monday,5,2024
D152,Saturday,5,2024
D153,Sunday,5,2024
D154,Thursday,5,2024
D155,Tuesday,5,2024
D156,Wednesday,5,2024
D157,Friday,4,2024
D158,Monday,4,2024
D159,Saturday,4,2024
D160,Sunday,4,2024
D161,Thursday,4,2024
D162,Tuesday,4,2024
D163,Wednesday,4,2024
D164,Friday,3,2024
D165,Monday,3,2024
D166,Saturday,3,2024
D167,Sunday,3,2024
D168,Thursday,3,2024
D169,Tuesday,3,2024
D170,Wednesday,3,2024
D171,Friday,2,2024
D172,Monday,2,2024
D173,Saturday,2,2024
D174,Sunday,2,2024
D175,Thursday,2,2024
D176,Tuesday,2,2024
D177,Wednesday,2,2024
D178,Friday,1,2024
D179,Monday,1,2024
D180,Saturday,1,2024
D181,Sunday,1,2024
D182,Thursday,1,2024
D183,Tuesday,1,2024
D184,Wednesday,1,2024
D185,Friday,12,2023
D186,Monday,12,2023
D187,Saturday,12,2023
D188,Sunday,12,2023
D189,Thursday,12,2023
D190,Tuesday,12,2023
D191,Wednesday,12,2023
D192,Friday,11,2023
D193,Monday,11,2023
D194,Saturday,11,2023
D195,Sunday,11,2023
D196,Thursday,11,2023
D197,Tuesday,11,2023
D198,Wednesday,11,2023
D199,Friday,10,2023
D200,Monday,10,2023
D201,Saturday,10,2023
D202,Sunday,10,2023
D203,Thursday,10,2023
D204,Tuesday,10,2023
D205,Wednesday,10,2023
D206,Friday,9,2023
D207,Monday,9,2023
D208,Saturday,9,2023
D209,Sunday,9,2023
D210,Thursday,9,2023
D211,Tuesday,9,2023
D212,Wednesday,9,2023
D213,Friday,8,2023
D214,Monday,8,2023
D215,Saturday,8,2023
D216,Sunday,8,2023
D217,Thursday,8,2023
D218,Tuesday,8,2023
D219,Wednesday,8,2023
D220,Friday,7,2023
D221,Monday,7,2023
D222,Saturday,7,2023
D223,Sunday,7,2023
D224,Thursday,7,2023
D225,Tuesday,7,2023
D226,Wednesday,7,2023
D227,Friday,6,2023
D228,Monday,6,2023
D229,Saturday,6,2023
D230,Sunday,6,2023
D231,Thursday,6,2023
D232,Tuesday,6,2023
D233,Wednesday,6,2023
D234,Friday,5,2023
D235,Monday,5,2023
D236,Saturday,5,2023
D237,Sunday,5,2023
D238,Thursday,5,2023
D239,Tuesday,5,2023
D240,Wednesday,5,2023
D241,Friday,4,2023
D242,Monday,4,2023
D243,Saturday,4,2023
D244,Sunday,4,2023
D245,Thursday,4,2023
D246,Tuesday,4,2023
D247,Wednesday,4,2023
D248,Friday,3,2023
D249,Monday,3,2023
D250,Saturday,3,2023
D251,Sunday,3,2023
D252,Thursday,3,2023
D253,Tuesday,3,2023
D254,Wednesday,3,2023
D255,Friday,2,2023
D256,Monday,2,2023
D257,Saturday,2,2023
D258,Sunday,2,2023
D259,Thursday,2,2023
D260,Tuesday,2,2023
D261,Wednesday,2,2023
D262,Friday,1,2023
D263,Monday,1,2023
D264,Saturday,1,2023
D265,Sunday,1,2023
D266,Thursday,1,2023
D267,Tuesday,1,2023
D268,Wednesday,1,2023
D269,Friday,12,2022
D270,Monday,12,2022
D271,Saturday,12,2022
D272,Sunday,12,2022
D273,Thursday,12,2022
D274,Tuesday,12,2022
D275,Wednesday,12,2022
D276,Friday,11,2022
D277,Monday,11,2022
D278,Saturday,11,2022
D279,Sunday,11,2022
D280,Thursday,11,2022
D281,Tuesday,11,2022
D282,Wednesday,11,2022
D283,Friday,10,2022
D284,Monday,10,2022
D285,Saturday,10,2022
D286,Sunday,10,2022
D287,Thursday,10,2022
D288,Tuesday,10,2022
D289,Wednesday,10,2022
D290,Friday,9,2022
D291,Monday,9,2022
D292,Saturday,9,2022
D293,Sunday,9,2022
D294,Thursday,9,2022
D295,Tuesday,9,2022
D296,Wednesday,9,2022
D297,Friday,8,2022
D298,Monday,8,2022
D299,Saturday,8,2022
D300,Sunday,8,2022
D301,Thursday,8,2022
D302,Tuesday,8,2022
D303,Wednesday,8,2022
D304,Friday,7,2022
D305,Monday,7,2022
D306,Saturday,7,2022
D307,Sunday,7,2022
D308,Thursday,7,2022
D309,Tuesday,7,2022
D310,Wednesday,7,2022
D311,Friday,6,2022
D312,Monday,6,2022
D313,Saturday,6,2022
D314,Sunday,6,2022
D315,Thursday,6,2022
D316,Tuesday,6,2022
D317,Wednesday,6,2022
D318,Friday,5,2022
D319,Monday,5,2022
D320,Saturday,5,2022
D321,Sunday,5,2022
D322,Thursday,5,2022
D323,Tuesday,5,2022
D324,Wednesday,5,2022
D325,Friday,4,2022
D326,Monday,4,2022
D327,Saturday,4,2022
D328,Sunday,4,2022
D329,Thursday,4,2022
D330,Tuesday,4,2022
D331,Wednesday,4,2022
D332,Friday,3,2022
D333,Monday,3,2022
D334,Saturday,3,2022
D335,Sunday,3,2022
D336,Thursday,3,2022
D337,Tuesday,3,2022
D338,Wednesday,3,2022
D339,Friday,2,2022
D340,Monday,2,2022
D341,Saturday,2,2022
D342,Sunday,2,2022
D343,Thursday,2,2022
D344,Tuesday,2,2022
D345,Wednesday,2,2022
D346,Friday,1,2022
D347,Monday,1,2022
D348,Saturday,1,2022
D349,Sunday,1,2022
D350,Thursday,1,2022
D351,Tuesday,1,2022
D352,Wednesday,1,2022
D353,Friday,12,2021
D354,Monday,12,2021
D355,Saturday,12,2021
D356,Sunday,12,2021
D357,Thursday,12,2021
D358,Tuesday,12,2021
D359,Wednesday,12,2021
D360,Friday,11,2021
D361,Monday,11,2021
D362,Saturday,11,2021
D363,Sunday,11,2021
D364,Thursday,11,2021
D365,Tuesday,11,2021
D366,Wednesday,11,2021
D367,Friday,10,2021
D368,Monday,10,2021
D369,Saturday,10,2021
D370,Sunday,10,2021
D371,Thursday,10,2021
D372,Tuesday,10,2021
D373,Wednesday,10,2021
D374,Friday,9,2021
D375,Monday,9,2021
D376,Saturday,9,2021
D377,Sunday,9,2021
D378,Thursday,9,2021
D379,Tuesday,9,2021
D380,Wednesday,9,2021
D381,Friday,8,2021
D382,Monday,8,2021
D383,Saturday,8,2021
D384,Sunday,8,2021
D385,Thursday,8,2021
D386,Tuesday,8,2021
D387,Wednesday,8,2021
D388,Friday,7,2021
D389,Monday,7,2021
D390,Saturday,7,2021
D391,Sunday,7,2021
D392,Thursday,7,2021
D393,Tuesday,7,2021
D394,Wednesday,7,2021
D395,Friday,6,2021
D396,Monday,6,2021
D397,Saturday,6,2021
D398,Sunday,6,2021
D399,Thursday,6,2021
D400,Tuesday,6,2021
D401,Wednesday,6,2021
D402,Friday,5,2021
D403,Monday,5,2021
D404,Saturday,5,2021
D405,Sunday,5,2021
D406,Thursday,5,2021
D407,Tuesday,5,2021
D408,Wednesday,5,2021
D409,Friday,4,2021
D410,Monday,4,2021
D411,Saturday,4,2021
D412,Sunday,4,2021
D413,Thursday,4,2021
D414,Tuesday,4,2021
D415,Wednesday,4,2021
D416,Friday,3,2021
D417,Monday,3,2021
D418,Saturday,3,2021
D419,Sunday,3,2021
D420,Thursday,3,2021
D421,Tuesday,3,2021
D422,Wednesday,3,2021
D423,Friday,2,2021
D424,Monday,2,2021
D425,Saturday,2,2021
D426,Sunday,2,2021
D427,Thursday,2,2021
D428,Tuesday,2,2021
D429,Wednesday,2,2021
D430,Friday,1,2021
D431,Monday,1,2021
D432,Saturday,1,2021
D433,Sunday,1,2021
D434,Thursday,1,2021
D435,Tuesday,1,2021
D436,Wednesday,1,2021
D437,Friday,12,2020
D438,Monday,12,2020
D439,Saturday,12,2020
D440,Sunday,12,2020
D441,Thursday,12,2020
D442,Tuesday,12,2020
D443,Wednesday,12,2020
D444,Friday,11,2020
D445,Monday,11,2020
D446,Saturday,11,2020
D447,Sunday,11,2020
D448,Thursday,11,2020
D449,Tuesday,11,2020
D450,Wednesday,11,2020
D451,Friday,10,2020
D452,Monday,10,2020
D453,Saturday,10,2020
D454,Sunday,10,2020
D455,Thursday,10,2020
D456,Tuesday,10,2020
D457,Wednesday,10,2020
D458,Friday,9,2020
D459,Monday,9,2020
D460,Saturday,9,2020
D461,Sunday,9,2020
D462,Thursday,9,2020
D463,Tuesday,9,2020
D464,Wednesday,9,2020
D465,Friday,8,2020
D466,Monday,8,2020
D467,Saturday,8,2020
D468,Sunday,8,2020
D469,Thursday,8,2020
D470,Tuesday,8,2020
D471,Wednesday,8,2020
D472,Friday,7,2020
D473,Monday,7,2020
D474,Saturday,7,2020
D475,Sunday,7,2020
D476,Thursday,7,2020
D477,Tuesday,7,2020
D478,Wednesday,7,2020
D479,Friday,6,2020
D480,Monday,6,2020
D481,Saturday,6,2020
D482,Sunday,6,2020
D483,Thursday,6,2020
D484,Tuesday,6,2020
D485,Wednesday,6,2020
D486,Friday,5,2020
D487,Monday,5,2020
D488,Saturday,5,2020
D489,Sunday,5,2020
D490,Thursday,5,2020
D491,Tuesday,5,2020
D492,Wednesday,5,2020
D493,Friday,4,2020
D494,Monday,4,2020
D495,Saturday,4,2020
D496,Sunday,4,2020
D497,Thursday,4,2020
D498,Tuesday,4,2020
D499,Wednesday,4,2020
D500,Friday,3,2020
D501,Monday,3,2020
D502,Saturday,3,2020
D503,Sunday,3,2020
D504,Thursday,3,2020
D505,Tuesday,3,2020
D506,Wednesday,3,2020
D507,Friday,2,2020
D508,Monday,2,2020
D509,Saturday,2,2020
D510,Sunday,2,2020
D511,Thursday,2,2020
D512,Tuesday,2,2020
D513,Wednesday,2,2020
D514,Friday,1,2020
D515,Monday,1,2020
D516,Saturday,1,2020
D517,Sunday,1,2020
D518,Thursday,1,2020
D519,Tuesday,1,2020
D520,Wednesday,1,2020
D521,Friday,12,2019
D522,Monday,12,2019
D523,Saturday,12,2019
D524,Sunday,12,2019
D525,Thursday,12,2019
D526,Tuesday,12,2019
D527,Wednesday,12,2019
D528,Friday,11,2019
D529,Monday,11,2019
D530,Saturday,11,2019
D531,Sunday,11,2019
D532,Thursday,11,2019
D533,Tuesday,11,2019
D534,Wednesday,11,2019
D535,Friday,10,2019
D536,Monday,10,2019
D537,Saturday,10,2019
D538,Sunday,10,2019
D539,Thursday,10,2019
D540,Tuesday,10,2019
D541,Wednesday,10,2019
D542,Friday,9,2019
D543,Monday,9,2019
D544,Saturday,9,2019
D545,Sunday,9,2019
D546,Thursday,9,2019
D547,Tuesday,9,2019
D548,Wednesday,9,2019
D549,Friday,8,2019
D550,Monday,8,2019
D551,Saturday,8,2019
D552,Sunday,8,2019
D553,Thursday,8,2019
D554,Tuesday,8,2019
D555,Wednesday,8,2019
D556,Friday,7,2019
D557,Monday,7,2019
D558,Saturday,7,2019
D559,Sunday,7,2019
D560,Thursday,7,2019
D561,Tuesday,7,2019
D562,Wednesday,7,2019
D563,Friday,6,2019
D564,Monday,6,2019
D565,Saturday,6,2019
D566,Sunday,6,2019
D567,Thursday,6,2019
D568,Tuesday,6,2019
D569,Wednesday,6,2019
D570,Friday,5,2019
D571,Monday,5,2019
D572,Saturday,5,2019
D573,Sunday,5,2019
D574,Thursday,5,2019
D575,Tuesday,5,2019
D576,Wednesday,5,2019
D577,Friday,4,2019
D578,Monday,4,2019
D579,Saturday,4,2019
D580,Sunday,4,2019
D581,Thursday,4,2019
D582,Tuesday,4,2019
D583,Wednesday,4,2019
D584,Friday,3,2019
D585,Monday,3,2019
D586,Saturday,3,2019
D587,Sunday,3,2019
D588,Thursday,3,2019
D589,Tuesday,3,2019
D590,Wednesday,3,2019
D591,Friday,2,2019
D592,Monday,2,2019
D593,Saturday,2,2019
D594,Sunday,2,2019
D595,Thursday,2,2019
D596,Tuesday,2,2019
D597,Wednesday,2,2019
D598,Friday,1,2019
D599,Monday,1,2019
D600,Saturday,1,2019
D601,Sunday,1,2019
D602,Thursday,1,2019
D603,Tuesday,1,2019
D604,Wednesday,1,2019
D605,Friday,12,2018
D606,Monday,12,2018
D607,Saturday,12,2018
D608,Sunday,12,2018
D609,Thursday,12,2018
D610,Tuesday,12,2018
D611,Wednesday,12,2018
D612,Friday,11,2018
D613,Monday,11,2018
D614,Saturday,11,2018
D615,Sunday,11,2018
D616,Thursday,11,2018
D617,Tuesday,11,2018
D618,Wednesday,11,2018
D619,Friday,10,2018
D620,Monday,10,2018
D621,Saturday,10,2018
D622,Sunday,10,2018
D623,Thursday,10,2018
D624,Tuesday,10,2018
D625,Wednesday,10,2018
D626,Friday,9,2018
D627,Monday,9,2018
D628,Saturday,9,2018
D629,Sunday,9,2018
D630,Thursday,9,2018
D631,Tuesday,9,2018
D632,Wednesday,9,2018
D633,Friday,8,2018
D634,Monday,8,2018
D635,Saturday,8,2018
D636,Sunday,8,2018
D637,Thursday,8,2018
D638,Tuesday,8,2018
D639,Wednesday,8,2018
D640,Friday,7,2018
D641,Monday,7,2018
D642,Saturday,7,2018
D643,Sunday,7,2018
D644,Thursday,7,2018
D645,Tuesday,7,2018
D646,Wednesday,7,2018
D647,Friday,6,2018
D648,Monday,6,2018
D649,Saturday,6,2018
D650,Sunday,6,2018
D651,Thursday,6,2018
D652,Tuesday,6,2018
D653,Wednesday,6,2018
D654,Friday,5,2018
D655,Monday,5,2018
D656,Saturday,5,2018
D657,Sunday,5,2018
D658,Thursday,5,2018
D659,Tuesday,5,2018
D660,Wednesday,5,2018
D661,Friday,4,2018
D662,Monday,4,2018
D663,Saturday,4,2018
D664,Sunday,4,2018
D665,Thursday,4,2018
D666,Tuesday,4,2018
D667,Wednesday,4,2018
D668,Friday,3,2018
D669,Monday,3,2018
D670,Saturday,3,2018
D671,Sunday,3,2018
D672,Thursday,3,2018
D673,Tuesday,3,2018
D674,Wednesday,3,2018
D675,Friday,2,2018
D676,Monday,2,2018
D677,Saturday,2,2018
D678,Sunday,2,2018
D679,Thursday,2,2018
D680,Tuesday,2,2018
D681,Wednesday,2,2018
D682,Friday,1,2018
D683,Monday,1,2018
D684,Saturday,1,2018
D685,Sunday,1,2018
D686,Thursday,1,2018
D687,Tuesday,1,2018
D688,Wednesday,1,2018
D689,Friday,12,2017
D690,Monday,12,2017
D691,Saturday,12,2017
D692,Sunday,12,2017
D693,Thursday,12,2017
D694,Tuesday,12,2017
D695,Wednesday,12,2017
D696,Friday,11,2017
D697,Monday,11,2017
D698,Saturday,11,2017
D699,Sunday,11,2017
D700,Thursday,11,2017
D701,Tuesday,11,2017
D702,Wednesday,11,2017
D703,Friday,10,2017
D704,Monday,10,2017
D705,Saturday,10,2017
D706,Sunday,10,2017
D707,Thursday,10,2017
D708,Tuesday,10,2017
D709,Wednesday,10,2017
D710,Friday,9,2017
D711,Monday,9,2017
D712,Saturday,9,2017
D713,Sunday,9,2017
D714,Thursday,9,2017
D715,Tuesday,9,2017
D716,Wednesday,9,2017
D717,Friday,8,2017
D718,Monday,8,2017
D719,Saturday,8,2017
D720,Sunday,8,2017
D721,Thursday,8,2017
D722,Tuesday,8,2017
D723,Wednesday,8,2017
D724,Friday,7,2017
D725,Monday,7,2017
D726,Saturday,7,2017
D727,Sunday,7,2017
D728,Thursday,7,2017
D729,Tuesday,7,2017
D730,Wednesday,7,2017
D731,Friday,6,2017
D732,Monday,6,2017
D733,Saturday,6,2017
D734,Sunday,6,2017
D735,Thursday,6,2017
D736,Tuesday,6,2017
D737,Wednesday,6,2017
D738,Friday,5,2017
D739,Monday,5,2017
D740,Saturday,5,2017
D741,Sunday,5,2017
D742,Thursday,5,2017
D743,Tuesday,5,2017
D744,Wednesday,5,2017
D745,Friday,4,2017
D746,Monday,4,2017
D747,Saturday,4,2017
D748,Sunday,4,2017
D749,Thursday,4,2017
D750,Tuesday,4,2017
D751,Wednesday,4,2017
D752,Friday,3,2017
D753,Monday,3,2017
D754,Saturday,3,2017
D755,Sunday,3,2017
D756,Thursday,3,2017
D757,Tuesday,3,2017
D758,Wednesday,3,2017
D759,Friday,2,2017
D760,Monday,2,2017
D761,Saturday,2,2017
D762,Sunday,2,2017
D763,Thursday,2,2017
D764,Tuesday,2,2017
D765,Wednesday,2,2017
D766,Friday,1,2017
D767,Monday,1,2017
D768,Saturday,1,2017
D769,Sunday,1,2017
D770,Thursday,1,2017
D771,Tuesday,1,2017
D772,Wednesday,1,2017
D773,Friday,12,2016
D774,Monday,12,2016
D775,Saturday,12,2016
D776,Sunday,12,2016
D777,Thursday,12,2016
D778,Tuesday,12,2016
D779,Wednesday,12,2016
D780,Friday,11,2016
D781,Monday,11,2016
D782,Saturday,11,2016
D783,Sunday,11,2016
D784,Thursday,11,2016
D785,Tuesday,11,2016
D786,Wednesday,11,2016
D787,Friday,10,2016
D788,Monday,10,2016
D789,Saturday,10,2016
D790,Sunday,10,2016
D791,Thursday,10,2016
D792,Tuesday,10,2016
D793,Wednesday,10,2016
D794,Friday,9,2016
D795,Monday,9,2016
D796,Saturday,9,2016
D797,Sunday,9,2016
D798,Thursday,9,2016
D799,Tuesday,9,2016
D800,Wednesday,9,2016
D801,Friday,8,2016
D802,Monday,8,2016
D803,Saturday,8,2016
D804,Sunday,8,2016
D805,Thursday,8,2016
D806,Tuesday,8,2016
D807,Wednesday,8,2016
D808,Friday,7,2016
D809,Monday,7,2016
D810,Saturday,7,2016
D811,Sunday,7,2016
D812,Thursday,7,2016
D813,Tuesday,7,2016
D814,Wednesday,7,2016
D815,Friday,6,2016
D816,Monday,6,2016
D817,Saturday,6,2016
D818,Sunday,6,2016
D819,Thursday,6,2016
D820,Tuesday,6,2016
D821,Wednesday,6,2016
D822,Friday,5,2016
D823,Monday,5,2016
D824,Saturday,5,2016
D825,Sunday,5,2016
D826,Thursday,5,2016
D827,Tuesday,5,2016
D828,Wednesday,5,2016
D829,Friday,4,2016
D830,Monday,4,2016
D831,Saturday,4,2016
D832,Sunday,4,2016
D833,Thursday,4,2016
D834,Tuesday,4,2016
D835,Wednesday,4,2016
D836,Friday,3,2016
D837,Monday,3,2016
D838,Saturday,3,2016
D839,Sunday,3,2016
D840,Thursday,3,2016
D841,Tuesday,3,2016
D842,Wednesday,3,2016
D843,Friday,2,2016
D844,Monday,2,2016
D845,Saturday,2,2016
D846,Sunday,2,2016
D847,Thursday,2,2016
D848,Tuesday,2,2016
D849,Wednesday,2,2016
D850,Friday,1,2016
D851,Monday,1,2016
D852,Saturday,1,2016
D853,Sunday,1,2016
D854,Thursday,1,2016
D855,Tuesday,1,2016
D856,Wednesday,1,2016
D857,Friday,12,2015
D858,Monday,12,2015
D859,Saturday,12,2015
D860,Sunday,12,2015
D861,Thursday,12,2015
D862,Tuesday,12,2015
D863,Wednesday,12,2015
D864,Friday,11,2015
D865,Monday,11,2015
D866,Saturday,11,2015
D867,Sunday,11,2015
D868,Thursday,11,2015
D869,Tuesday,11,2015
D870,Wednesday,11,2015
D871,Friday,10,2015
D872,Monday,10,2015
D873,Saturday,10,2015
D874,Sunday,10,2015
D875,Thursday,10,2015
D876,Tuesday,10,2015
D877,Wednesday,10,2015
D878,Friday,9,2015
D879,Monday,9,2015
D880,Saturday,9,2015
D881,Sunday,9,2015
D882,Thursday,9,2015
D883,Tuesday,9,2015
D884,Wednesday,9,2015
D885,Friday,8,2015
D886,Monday,8,2015
D887,Saturday,8,2015
D888,Sunday,8,2015
D889,Thursday,8,2015
D890,Tuesday,8,2015
D891,Wednesday,8,2015
D892,Friday,7,2015
D893,Monday,7,2015
D894,Saturday,7,2015
D895,Sunday,7,2015
D896,Thursday,7,2015
D897,Tuesday,7,2015
D898,Wednesday,7,2015
D899,Friday,6,2015
D900,Monday,6,2015
D901,Saturday,6,2015
D902,Sunday,6,2015
D903,Thursday,6,2015
D904,Tuesday,6,2015
D905,Wednesday,6,2015
D906,Friday,5,2015
D907,Monday,5,2015
D908,Saturday,5,2015
D909,Sunday,5,2015
D910,Thursday,5,2015
D911,Tuesday,5,2015
D912,Wednesday,5,2015
D913,Friday,4,2015
D914,Monday,4,2015
D915,Saturday,4,2015
D916,Sunday,4,2015
D917,Thursday,4,2015
D918,Tuesday,4,2015
D919,Wednesday,4,2015
D920,Friday,3,2015
D921,Monday,3,2015
D922,Saturday,3,2015
D923,Sunday,3,2015
D924,Thursday,3,2015
D925,Tuesday,3,2015
D926,Wednesday,3,2015
D927,Friday,2,2015
D928,Monday,2,2015
D929,Saturday,2,2015
D930,Sunday,2,2015
D931,Thursday,2,2015
D932,Tuesday,2,2015
D933,Wednesday,2,2015
D934,Friday,1,2015
D935,Monday,1,2015
D936,Saturday,1,2015
D937,Sunday,1,2015
D938,Thursday,1,2015
D939,Tuesday,1,2015
D940,Wednesday,1,2015
D941,Friday,12,2014
D942,Monday,12,2014
D943,Saturday,12,2014
D944,Sunday,12,2014
D945,Thursday,12,2014
D946,Tuesday,12,2014
D947,Wednesday,12,2014
D948,Friday,11,2014
D949,Monday,11,2014
D950,Saturday,11,2014
D951,Sunday,11,2014
D952,Thursday,11,2014
D953,Tuesday,11,2014
D954,Wednesday,11,2014
D955,Friday,10,2014
D956,Monday,10,2014
D957,Saturday,10,2014
D958,Sunday,10,2014
D959,Thursday,10,2014
D960,Tuesday,10,2014
D961,Wednesday,10,2014
D962,Friday,9,2014
D963,Monday,9,2014
D964,Saturday,9,2014
D965,Sunday,9,2014
D966,Thursday,9,2014
D967,Tuesday,9,2014
D968,Wednesday,9,2014
D969,Friday,8,2014
D970,Monday,8,2014
D971,Saturday,8,2014
D972,Sunday,8,2014
D973,Thursday,8,2014
D974,Tuesday,8,2014
D975,Wednesday,8,2014
D976,Friday,7,2014
D977,Monday,7,2014
D978,Saturday,7,2014
D979,Sunday,7,2014
D980,Thursday,7,2014
D981,Tuesday,7,2014
D982,Wednesday,7,2014
D983,Friday,6,2014
D984,Monday,6,2014
D985,Saturday,6,2014
D986,Sunday,6,2014
D987,Thursday,6,2014
D988,Tuesday,6,2014
D989,Wednesday,6,2014
D990,Friday,5,2014
D991,Monday,5,2014
D992,Saturday,5,2014
D993,Sunday,5,2014
D994,Thursday,5,2014
D995,Tuesday,5,2014
D996,Wednesday,5,2014
D997,Friday,4,2014
D998,Monday,4,2014
D999,Saturday,4,2014
D1000,Sunday,4,2014
D1001,Thursday,4,2014
D1002,Tuesday,4,2014
D1003,Wednesday,4,2014
D1004,Friday,3,2014
D1005,Monday,3,2014
D1006,Saturday,3,2014
D1007,Sunday,3,2014
D1008,Thursday,3,2014
D1009,Tuesday,3,2014
D1010,Wednesday,3,2014
D1011,Friday,2,2014
D1012,Monday,2,2014
D1013,Saturday,2,2014
D1014,Sunday,2,2014
D1015,Thursday,2,2014
D1016,Tuesday,2,2014
D1017,Wednesday,2,2014
D1018,Friday,1,2014
D1019,Monday,1,2014
D1020,Saturday,1,2014
D1021,Sunday,1,2014
D1022,Thursday,1,2014
D1023,Tuesday,1,2014
D1024,Wednesday,1,2014
D1025,Friday,12,2013
D1026,Monday,12,2013
D1027,Saturday,12,2013
D1028,Sunday,12,2013
D1029,Thursday,12,2013
D1030,Tuesday,12,2013
D1031,Wednesday,12,2013
D1032,Friday,11,2013
D1033,Monday,11,2013
D1034,Saturday,11,2013
D1035,Sunday,11,2013
D1036,Thursday,11,2013
D1037,Tuesday,11,2013
D1038,Wednesday,11,2013
D1039,Friday,10,2013
D1040,Monday,10,2013
D1041,Saturday,10,2013
D1042,Sunday,10,2013
D1043,Thursday,10,2013
D1044,Tuesday,10,2013
D1045,Wednesday,10,2013
D1046,Friday,9,2013
D1047,Monday,9,2013
D1048,Saturday,9,2013
D1049,Sunday,9,2013
D1050,Thursday,9,2013
D1051,Tuesday,9,2013
D1052,Wednesday,9,2013
D1053,Friday,8,2013
D1054,Monday,8,2013
D1055,Saturday,8,2013
D1056,Sunday,8,2013
D1057,Thursday,8,2013
D1058,Tuesday,8,2013
D1059,Wednesday,8,2013
D1060,Friday,7,2013
D1061,Monday,7,2013
D1062,Saturday,7,2013
D1063,Sunday,7,2013
D1064,Thursday,7,2013
D1065,Tuesday,7,2013
D1066,Wednesday,7,2013
D1067,Friday,6,2013
D1068,Monday,6,2013
D1069,Saturday,6,2013
D1070,Sunday,6,2013
D1071,Thursday,6,2013
D1072,Tuesday,6,2013
D1073,Wednesday,6,2013
D1074,Friday,5,2013
D1075,Monday,5,2013
D1076,Saturday,5,2013
D1077,Sunday,5,2013
D1078,Thursday,5,2013
D1079,Tuesday,5,2013
D1080,Wednesday,5,2013
D1081,Friday,4,2013
D1082,Monday,4,2013
D1083,Saturday,4,2013
D1084,Sunday,4,2013
D1085,Thursday,4,2013
D1086,Tuesday,4,2013
D1087,Wednesday,4,2013
D1088,Friday,3,2013
D1089,Monday,3,2013
D1090,Saturday,3,2013
D1091,Sunday,3,2013
D1092,Thursday,3,2013
D1093,Tuesday,3,2013
D1094,Wednesday,3,2013
D1095,Friday,2,2013
D1096,Monday,2,2013
D1097,Saturday,2,2013
D1098,Sunday,2,2013
D1099,Thursday,2,2013
D1100,Tuesday,2,2013
D1101,Wednesday,2,2013
D1102,Friday,1,2013
D1103,Monday,1,2013
D1104,Saturday,1,2013
D1105,Sunday,1,2013
D1106,Thursday,1,2013
D1107,Tuesday,1,2013
D1108,Wednesday,1,2013
D1109,Friday,12,2012
D1110,Monday,12,2012
D1111,Saturday,12,2012
D1112,Sunday,12,2012
D1113,Thursday,12,2012
D1114,Tuesday,12,2012
D1115,Wednesday,12,2012
D1116,Friday,11,2012
D1117,Monday,11,2012
D1118,Saturday,11,2012
D1119,Sunday,11,2012
D1120,Thursday,11,2012
D1121,Tuesday,11,2012
D1122,Wednesday,11,2012
D1123,Friday,10,2012
D1124,Monday,10,2012
D1125,Saturday,10,2012
D1126,Sunday,10,2012
D1127,Thursday,10,2012
D1128,Tuesday,10,2012
D1129,Wednesday,10,2012
D1130,Friday,9,2012
D1131,Monday,9,2012
D1132,Saturday,9,2012
D1133,Sunday,9,2012
D1134,Thursday,9,2012
D1135,Tuesday,9,2012
D1136,Wednesday,9,2012
D1137,Friday,8,2012
D1138,Monday,8,2012
D1139,Saturday,8,2012
D1140,Sunday,8,2012
D1141,Thursday,8,2012
D1142,Tuesday,8,2012
D1143,Wednesday,8,2012
D1144,Friday,7,2012
D1145,Monday,7,2012
D1146,Saturday,7,2012
D1147,Sunday,7,2012
D1148,Thursday,7,2012
D1149,Tuesday,7,2012
D1150,Wednesday,7,2012
D1151,Friday,6,2012
D1152,Monday,6,2012
D1153,Saturday,6,2012
D1154,Sunday,6,2012
D1155,Thursday,6,2012
D1156,Tuesday,6,2012
D1157,Wednesday,6,2012
D1158,Friday,5,2012
D1159,Monday,5,2012
D1160,Saturday,5,2012
D1161,Sunday,5,2012
D1162,Thursday,5,2012
D1163,Tuesday,5,2012
D1164,Wednesday,5,2012
D1165,Friday,4,2012
D1166,Monday,4,2012
D1167,Saturday,4,2012
D1168,Sunday,4,2012
D1169,Thursday,4,2012
D1170,Tuesday,4,2012
D1171,Wednesday,4,2012
D1172,Friday,3,2012
D1173,Monday,3,2012
D1174,Saturday,3,2012
D1175,Sunday,3,2012
D1176,Thursday,3,2012
D1177,Tuesday,3,2012
D1178,Wednesday,3,2012
D1179,Friday,2,2012
D1180,Monday,2,2012
D1181,Saturday,2,2012
D1182,Sunday,2,2012
D1183,Thursday,2,2012
D1184,Tuesday,2,2012
D1185,Wednesday,2,2012
D1186,Friday,1,2012
D1187,Monday,1,2012
D1188,Saturday,1,2012
D1189,Sunday,1,2012
D1190,Thursday,1,2012
D1191,Tuesday,1,2012
D1192,Wednesday,1,2012
D1193,Friday,12,2011
D1194,Monday,12,2011
D1195,Saturday,12,2011
D1196,Sunday,12,2011
D1197,Thursday,12,2011
D1198,Tuesday,12,2011
D1199,Wednesday,12,2011
D1200,Friday,11,2011
D1201,Monday,11,2011
D1202,Saturday,11,2011
D1203,Sunday,11,2011
D1204,Thursday,11,2011
D1205,Tuesday,11,2011
D1206,Wednesday,11,2011
D1207,Friday,10,2011
D1208,Monday,10,2011
D1209,Saturday,10,2011
D1210,Sunday,10,2011
D1211,Thursday,10,2011
D1212,Tuesday,10,2011
D1213,Wednesday,10,2011
D1214,Friday,9,2011
D1215,Monday,9,2011
D1216,Saturday,9,2011
D1217,Sunday,9,2011
D1218,Thursday,9,2011
D1219,Tuesday,9,2011
D1220,Wednesday,9,2011
D1221,Friday,8,2011
D1222,Monday,8,2011
D1223,Saturday,8,2011
D1224,Sunday,8,2011
D1225,Thursday,8,2011
D1226,Tuesday,8,2011
D1227,Wednesday,8,2011
D1228,Friday,7,2011
D1229,Monday,7,2011
D1230,Saturday,7,2011
D1231,Sunday,7,2011
D1232,Thursday,7,2011
D1233,Tuesday,7,2011
D1234,Wednesday,7,2011
D1235,Friday,6,2011
D1236,Monday,6,2011
D1237,Saturday,6,2011
D1238,Sunday,6,2011
D1239,Thursday,6,2011
D1240,Tuesday,6,2011
D1241,Wednesday,6,2011
D1242,Friday,5,2011
D1243,Monday,5,2011
D1244,Saturday,5,2011
D1245,Sunday,5,2011
D1246,Thursday,5,2011
D1247,Tuesday,5,2011
D1248,Wednesday,5,2011
D1249,Friday,4,2011
D1250,Monday,4,2011
D1251,Saturday,4,2011
D1252,Sunday,4,2011
D1253,Thursday,4,2011
D1254,Tuesday,4,2011
D1255,Wednesday,4,2011
D1256,Friday,3,2011
D1257,Monday,3,2011
D1258,Saturday,3,2011
D1259,Sunday,3,2011
D1260,Thursday,3,2011
D1261,Tuesday,3,2011
D1262,Wednesday,3,2011
D1263,Friday,2,2011
D1264,Monday,2,2011
D1265,Saturday,2,2011
D1266,Sunday,2,2011
D1267,Thursday,2,2011
D1268,Tuesday,2,2011
D1269,Wednesday,2,2011
D1270,Friday,1,2011
D1271,Monday,1,2011
D1272,Saturday,1,2011
D1273,Sunday,1,2011
D1274,Thursday,1,2011
D1275,Tuesday,1,2011
D1276,Wednesday,1,2011
D1277,Friday,12,2010
D1278,Monday,12,2010
D1279,Saturday,12,2010
D1280,Sunday,12,2010
D1281,Thursday,12,2010
D1282,Tuesday,12,2010
D1283,Wednesday,12,2010
D1284,Friday,11,2010
D1285,Monday,11,2010
D1286,Saturday,11,2010
D1287,Sunday,11,2010
D1288,Thursday,11,2010
D1289,Tuesday,11,2010
D1290,Wednesday,11,2010
D1291,Friday,10,2010
D1292,Monday,10,2010
D1293,Saturday,10,2010
D1294,Sunday,10,2010
D1295,Thursday,10,2010
D1296,Tuesday,10,2010
D1297,Wednesday,10,2010
D1298,Friday,9,2010
D1299,Monday,9,2010
D1300,Saturday,9,2010
D1301,Sunday,9,2010
D1302,Thursday,9,2010
D1303,Tuesday,9,2010
D1304,Wednesday,9,2010
D1305,Friday,8,2010
D1306,Monday,8,2010
D1307,Saturday,8,2010
D1308,Sunday,8,2010
D1309,Thursday,8,2010
D1310,Tuesday,8,2010
D1311,Wednesday,8,2010
D1312,Friday,7,2010
D1313,Monday,7,2010
D1314,Saturday,7,2010
D1315,Sunday,7,2010
D1316,Thursday,7,2010
D1317,Tuesday,7,2010
D1318,Wednesday,7,2010
D1319,Friday,6,2010
D1320,Monday,6,2010
D1321,Saturday,6,2010
D1322,Sunday,6,2010
D1323,Thursday,6,2010
D1324,Tuesday,6,2010
D1325,Wednesday,6,2010
D1326,Friday,5,2010
D1327,Monday,5,2010
D1328,Saturday,5,2010
D1329,Sunday,5,2010
D1330,Thursday,5,2010
D1331,Tuesday,5,2010
D1332,Wednesday,5,2010
D1333,Friday,4,2010
D1334,Monday,4,2010
D1335,Saturday,4,2010
D1336,Sunday,4,2010
D1337,Thursday,4,2010
D1338,Tuesday,4,2010
D1339,Wednesday,4,2010
D1340,Friday,3,2010
D1341,Monday,3,2010
D1342,Saturday,3,2010
D1343,Sunday,3,2010
D1344,Thursday,3,2010
D1345,Tuesday,3,2010
D1346,Wednesday,3,2010
D1347,Friday,2,2010
D1348,Monday,2,2010
D1349,Saturday,2,2010
D1350,Sunday,2,2010
D1351,Thursday,2,2010
D1352,Tuesday,2,2010
D1353,Wednesday,2,2010
D1354,Friday,1,2010
D1355,Monday,1,2010
D1356,Saturday,1,2010
D1357,Sunday,1,2010
D1358,Thursday,1,2010
D1359,Tuesday,1,2010
D1360,Wednesday,1,2010
D1361,Friday,12,2009
D1362,Monday,12,2009
D1363,Saturday,12,2009
D1364,Sunday,12,2009
D1365,Thursday,12,2009
D1366,Tuesday,12,2009
D1367,Wednesday,12,2009
D1368,Friday,11,2009
D1369,Monday,11,2009
D1370,Saturday,11,2009
D1371,Sunday,11,2009
D1372,Thursday,11,2009
D1373,Tuesday,11,2009
D1374,Wednesday,11,2009
D1375,Friday,10,2009
D1376,Monday,10,2009
D1377,Saturday,10,2009
D1378,Sunday,10,2009
D1379,Thursday,10,2009
D1380,Tuesday,10,2009
D1381,Wednesday,10,2009
D1382,Friday,9,2009
D1383,Monday,9,2009
D1384,Saturday,9,2009
D1385,Sunday,9,2009
D1386,Thursday,9,2009
D1387,Tuesday,9,2009
D1388,Wednesday,9,2009
D1389,Friday,8,2009
D1390,Monday,8,2009
D1391,Saturday,8,2009
D1392,Sunday,8,2009
D1393,Thursday,8,2009
D1394,Tuesday,8,2009
D1395,Wednesday,8,2009
D1396,Friday,7,2009
D1397,Monday,7,2009
D1398,Saturday,7,2009
D1399,Sunday,7,2009
D1400,Thursday,7,2009
D1401,Tuesday,7,2009
D1402,Wednesday,7,2009
D1403,Friday,6,2009
D1404,Monday,6,2009
D1405,Saturday,6,2009
D1406,Sunday,6,2009
D1407,Thursday,6,2009
D1408,Tuesday,6,2009
D1409,Wednesday,6,2009
D1410,Friday,5,2009
D1411,Monday,5,2009
D1412,Saturday,5,2009
D1413,Sunday,5,2009
D1414,Thursday,5,2009
D1415,Tuesday,5,2009
D1416,Wednesday,5,2009
D1417,Friday,4,2009
D1418,Monday,4,2009
D1419,Saturday,4,2009
D1420,Sunday,4,2009
D1421,Thursday,4,2009
D1422,Tuesday,4,2009
D1423,Wednesday,4,2009
D1424,Friday,3,2009
D1425,Monday,3,2009
D1426,Saturday,3,2009
D1427,Sunday,3,2009
D1428,Thursday,3,2009
D1429,Tuesday,3,2009
D1430,Wednesday,3,2009
D1431,Friday,2,2009
D1432,Monday,2,2009
D1433,Saturday,2,2009
D1434,Sunday,2,2009
D1435,Thursday,2,2009
D1436,Tuesday,2,2009
D1437,Wednesday,2,2009
D1438,Friday,1,2009
D1439,Monday,1,2009
D1440,Saturday,1,2009
D1441,Sunday,1,2009
D1442,Thursday,1,2009
D1443,Tuesday,1,2009
D1444,Wednesday,1,2009
D1445,Friday,12,2008
D1446,Monday,12,2008
D1447,Saturday,12,2008
D1448,Sunday,12,2008
D1449,Thursday,12,2008
D1450,Tuesday,12,2008
D1451,Wednesday,12,2008
D1452,Friday,11,2008
D1453,Monday,11,2008
D1454,Saturday,11,2008
D1455,Sunday,11,2008
D1456,Thursday,11,2008
D1457,Tuesday,11,2008
D1458,Wednesday,11,2008
D1459,Friday,10,2008
D1460,Monday,10,2008
D1461,Saturday,10,2008
D1462,Sunday,10,2008
D1463,Thursday,10,2008
D1464,Tuesday,10,2008
D1465,Wednesday,10,2008
D1466,Friday,9,2008
D1467,Monday,9,2008
D1468,Saturday,9,2008
D1469,Sunday,9,2008
D1470,Thursday,9,2008
D1471,Tuesday,9,2008
D1472,Wednesday,9,2008
D1473,Friday,8,2008
D1474,Monday,8,2008
D1475,Saturday,8,2008
D1476,Sunday,8,2008
D1477,Thursday,8,2008
D1478,Tuesday,8,2008
D1479,Wednesday,8,2008
D1480,Friday,7,2008
D1481,Monday,7,2008
D1482,Saturday,7,2008
D1483,Sunday,7,2008
D1484,Thursday,7,2008
D1485,Tuesday,7,2008
D1486,Wednesday,7,2008
D1487,Friday,6,2008
D1488,Monday,6,2008
D1489,Saturday,6,2008
D1490,Sunday,6,2008
D1491,Thursday,6,2008
D1492,Tuesday,6,2008
D1493,Wednesday,6,2008
D1494,Friday,5,2008
D1495,Monday,5,2008
D1496,Saturday,5,2008
D1497,Sunday,5,2008
D1498,Thursday,5,2008
D1499,Tuesday,5,2008
D1500,Wednesday,5,2008
D1501,Friday,4,2008
D1502,Monday,4,2008
D1503,Saturday,4,2008
D1504,Sunday,4,2008
D1505,Thursday,4,2008
D1506,Tuesday,4,2008
D1507,Wednesday,4,2008
D1508,Friday,3,2008
D1509,Monday,3,2008
D1510,Saturday,3,2008
D1511,Sunday,3,2008
D1512,Thursday,3,2008
D1513,Tuesday,3,2008
D1514,Wednesday,3,2008
D1515,Friday,2,2008
D1516,Monday,2,2008
D1517,Saturday,2,2008
D1518,Sunday,2,2008
D1519,Thursday,2,2008
D1520,Tuesday,2,2008
D1521,Wednesday,2,2008
D1522,Friday,1,2008
D1523,Monday,1,2008
D1524,Saturday,1,2008
D1525,Sunday,1,2008
D1526,Thursday,1,2008
D1527,Tuesday,1,2008
D1528,Wednesday,1,2008
D1529,Friday,12,2007
D1530,Monday,12,2007
D1531,Saturday,12,2007
D1532,Sunday,12,2007
D1533,Thursday,12,2007
D1534,Tuesday,12,2007
D1535,Wednesday,12,2007
D1536,Friday,11,2007
D1537,Monday,11,2007
D1538,Saturday,11,2007
D1539,Sunday,11,2007
D1540,Thursday,11,2007
D1541,Tuesday,11,2007
D1542,Wednesday,11,2007
D1543,Friday,10,2007
D1544,Monday,10,2007
D1545,Saturday,10,2007
D1546,Sunday,10,2007
D1547,Thursday,10,2007
D1548,Tuesday,10,2007
D1549,Wednesday,10,2007
D1550,Friday,9,2007
D1551,Monday,9,2007
D1552,Saturday,9,2007
D1553,Sunday,9,2007
D1554,Thursday,9,2007
D1555,Tuesday,9,2007
D1556,Wednesday,9,2007
D1557,Friday,8,2007
D1558,Monday,8,2007
D1559,Saturday,8,2007
D1560,Sunday,8,2007
D1561,Thursday,8,2007
D1562,Tuesday,8,2007
D1563,Wednesday,8,2007
D1564,Friday,7,2007
D1565,Monday,7,2007
D1566,Saturday,7,2007
D1567,Sunday,7,2007
D1568,Thursday,7,2007
D1569,Tuesday,7,2007
D1570,Wednesday,7,2007
D1571,Friday,6,2007
D1572,Monday,6,2007
D1573,Saturday,6,2007
D1574,Sunday,6,2007
D1575,Thursday,6,2007
D1576,Tuesday,6,2007
D1577,Wednesday,6,2007
D1578,Friday,5,2007
D1579,Monday,5,2007
D1580,Saturday,5,2007
D1581,Sunday,5,2007
D1582,Thursday,5,2007
D1583,Tuesday,5,2007
D1584,Wednesday,5,2007
D1585,Friday,4,2007
D1586,Monday,4,2007
D1587,Saturday,4,2007
D1588,Sunday,4,2007
D1589,Thursday,4,2007
D1590,Tuesday,4,2007
D1591,Wednesday,4,2007
D1592,Friday,3,2007
D1593,Monday,3,2007
D1594,Saturday,3,2007
D1595,Sunday,3,2007
D1596,Thursday,3,2007
D1597,Tuesday,3,2007
D1598,Wednesday,3,2007
D1599,Friday,2,2007
D1600,Monday,2,2007
D1601,Saturday,2,2007
D1602,Sunday,2,2007
D1603,Thursday,2,2007
D1604,Tuesday,2,2007
D1605,Wednesday,2,2007
D1606,Friday,1,2007
D1607,Monday,1,2007
D1608,Saturday,1,2007
D1609,Sunday,1,2007
D1610,Thursday,1,2007
D1611,Tuesday,1,2007
D1612,Wednesday,1,2007
D1613,Friday,12,2006
D1614,Monday,12,2006
D1615,Saturday,12,2006
D1616,Sunday,12,2006
D1617,Thursday,12,2006
D1618,Tuesday,12,2006
D1619,Wednesday,12,2006
D1620,Friday,11,2006
D1621,Monday,11,2006
D1622,Saturday,11,2006
D1623,Sunday,11,2006
D1624,Thursday,11,2006
D1625,Tuesday,11,2006
D1626,Wednesday,11,2006
D1627,Friday,10,2006
D1628,Monday,10,2006
D1629,Saturday,10,2006
D1630,Sunday,10,2006
D1631,Thursday,10,2006
D1632,Tuesday,10,2006
D1633,Wednesday,10,2006
D1634,Friday,9,2006
D1635,Monday,9,2006
D1636,Saturday,9,2006
D1637,Sunday,9,2006
D1638,Thursday,9,2006
D1639,Tuesday,9,2006
D1640,Wednesday,9,2006
D1641,Friday,8,2006
D1642,Monday,8,2006
D1643,Saturday,8,2006
D1644,Sunday,8,2006
D1645,Thursday,8,2006
D1646,Tuesday,8,2006
D1647,Wednesday,8,2006
D1648,Friday,7,2006
D1649,Monday,7,2006
D1650,Saturday,7,2006
D1651,Sunday,7,2006
D1652,Thursday,7,2006
D1653,Tuesday,7,2006
D1654,Wednesday,7,2006
D1655,Friday,6,2006
D1656,Monday,6,2006
D1657,Saturday,6,2006
D1658,Sunday,6,2006
D1659,Thursday,6,2006
D1660,Tuesday,6,2006
D1661,Wednesday,6,2006
D1662,Friday,5,2006
D1663,Monday,5,2006
D1664,Saturday,5,2006
D1665,Sunday,5,2006
D1666,Thursday,5,2006
D1667,Tuesday,5,2006
D1668,Wednesday,5,2006
D1669,Friday,4,2006
D1670,Monday,4,2006
D1671,Saturday,4,2006
D1672,Sunday,4,2006
D1673,Thursday,4,2006
D1674,Tuesday,4,2006
D1675,Wednesday,4,2006
D1676,Friday,3,2006
D1677,Monday,3,2006
D1678,Saturday,3,2006
D1679,Sunday,3,2006
D1680,Thursday,3,2006
D1681,Tuesday,3,2006
D1682,Wednesday,3,2006
D1683,Friday,2,2006
D1684,Monday,2,2006
D1685,Saturday,2,2006
D1686,Sunday,2,2006
D1687,Thursday,2,2006
D1688,Tuesday,2,2006
D1689,Wednesday,2,2006
D1690,Friday,1,2006
D1691,Monday,1,2006
D1692,Saturday,1,2006
D1693,Sunday,1,2006
D1694,Thursday,1,2006
D1695,Tuesday,1,2006
D1696,Wednesday,1,2006
D1697,Friday,12,2005
D1698,Monday,12,2005
D1699,Saturday,12,2005
D1700,Sunday,12,2005
D1701,Thursday,12,2005
D1702,Tuesday,12,2005
D1703,Wednesday,12,2005
D1704,Friday,11,2005
D1705,Monday,11,2005
D1706,Saturday,11,2005
D1707,Sunday,11,2005
D1708,Thursday,11,2005
D1709,Tuesday,11,2005
D1710,Wednesday,11,2005
D1711,Friday,10,2005
D1712,Monday,10,2005
D1713,Saturday,10,2005
D1714,Sunday,10,2005
D1715,Thursday,10,2005
D1716,Tuesday,10,2005
D1717,Wednesday,10,2005
D1718,Friday,9,2005
D1719,Monday,9,2005
D1720,Saturday,9,2005
D1721,Sunday,9,2005
D1722,Thursday,9,2005
D1723,Tuesday,9,2005
D1724,Wednesday,9,2005
D1725,Friday,8,2005
D1726,Monday,8,2005
D1727,Saturday,8,2005
D1728,Sunday,8,2005
D1729,Thursday,8,2005
D1730,Tuesday,8,2005
D1731,Wednesday,8,2005
D1732,Friday,7,2005
D1733,Monday,7,2005
D1734,Saturday,7,2005
D1735,Sunday,7,2005
D1736,Thursday,7,2005
D1737,Tuesday,7,2005
D1738,Wednesday,7,2005
D1739,Friday,6,2005
D1740,Monday,6,2005
D1741,Saturday,6,2005
D1742,Sunday,6,2005
D1743,Thursday,6,2005
D1744,Tuesday,6,2005
D1745,Wednesday,6,2005
D1746,Friday,5,2005
D1747,Monday,5,2005
D1748,Saturday,5,2005
D1749,Sunday,5,2005
D1750,Thursday,5,2005
D1751,Tuesday,5,2005
D1752,Wednesday,5,2005
D1753,Friday,4,2005
D1754,Monday,4,2005
D1755,Saturday,4,2005
D1756,Sunday,4,2005
D1757,Thursday,4,2005
D1758,Tuesday,4,2005
D1759,Wednesday,4,2005
D1760,Friday,3,2005
D1761,Monday,3,2005
D1762,Saturday,3,2005
D1763,Sunday,3,2005
D1764,Thursday,3,2005
D1765,Tuesday,3,2005
D1766,Wednesday,3,2005
D1767,Friday,2,2005
D1768,Monday,2,2005
D1769,Saturday,2,2005
D1770,Sunday,2,2005
D1771,Thursday,2,2005
D1772,Tuesday,2,2005
D1773,Wednesday,2,2005
D1774,Friday,1,2005
D1775,Monday,1,2005
D1776,Saturday,1,2005
D1777,Sunday,1,2005
D1778,Thursday,1,2005
D1779,Tuesday,1,2005
D1780,Wednesday,1,2005
D1781,Friday,12,2004
D1782,Monday,12,2004
D1783,Saturday,12,2004
D1784,Sunday,12,2004
D1785,Thursday,12,2004
D1786,Tuesday,12,2004
D1787,Wednesday,12,2004
D1788,Friday,11,2004
D1789,Monday,11,2004
D1790,Saturday,11,2004
D1791,Sunday,11,2004
D1792,Thursday,11,2004
D1793,Tuesday,11,2004
D1794,Wednesday,11,2004
D1795,Friday,10,2004
D1796,Monday,10,2004
D1797,Saturday,10,2004
D1798,Sunday,10,2004
D1799,Thursday,10,2004
D1800,Tuesday,10,2004
D1801,Wednesday,10,2004
D1802,Friday,9,2004
D1803,Monday,9,2004
D1804,Saturday,9,2004
D1805,Sunday,9,2004
D1806,Thursday,9,2004
D1807,Tuesday,9,2004
D1808,Wednesday,9,2004
D1809,Friday,8,2004
D1810,Monday,8,2004
D1811,Saturday,8,2004
D1812,Sunday,8,2004
D1813,Thursday,8,2004
D1814,Tuesday,8,2004
D1815,Wednesday,8,2004
D1816,Friday,7,2004
D1817,Monday,7,2004
D1818,Saturday,7,2004
D1819,Sunday,7,2004
D1820,Thursday,7,2004
D1821,Tuesday,7,2004
D1822,Wednesday,7,2004
D1823,Friday,6,2004
D1824,Monday,6,2004
D1825,Saturday,6,2004
D1826,Sunday,6,2004
D1827,Thursday,6,2004
D1828,Tuesday,6,2004
D1829,Wednesday,6,2004
D1830,Friday,5,2004
D1831,Monday,5,2004
D1832,Saturday,5,2004
D1833,Sunday,5,2004
D1834,Thursday,5,2004
D1835,Tuesday,5,2004
D1836,Wednesday,5,2004
D1837,Friday,4,2004
D1838,Monday,4,2004
D1839,Saturday,4,2004
D1840,Sunday,4,2004
D1841,Thursday,4,2004
D1842,Tuesday,4,2004
D1843,Wednesday,4,2004
D1844,Friday,3,2004
D1845,Monday,3,2004
D1846,Saturday,3,2004
D1847,Sunday,3,2004
D1848,Thursday,3,2004
D1849,Tuesday,3,2004
D1850,Wednesday,3,2004
D1851,Friday,2,2004
D1852,Monday,2,2004
D1853,Saturday,2,2004
D1854,Sunday,2,2004
D1855,Thursday,2,2004
D1856,Tuesday,2,2004
D1857,Wednesday,2,2004
D1858,Friday,1,2004
D1859,Monday,1,2004
D1860,Saturday,1,2004
D1861,Sunday,1,2004
D1862,Thursday,1,2004
D1863,Tuesday,1,2004
D1864,Wednesday,1,2004
D1865,Friday,12,2003
D1866,Monday,12,2003
D1867,Saturday,12,2003
D1868,Sunday,12,2003
D1869,Thursday,12,2003
D1870,Tuesday,12,2003
D1871,Wednesday,12,2003
D1872,Friday,11,2003
D1873,Monday,11,2003
D1874,Saturday,11,2003
D1875,Sunday,11,2003
D1876,Thursday,11,2003
D1877,Tuesday,11,2003
D1878,Wednesday,11,2003
D1879,Friday,10,2003
D1880,Monday,10,2003
D1881,Saturday,10,2003
D1882,Sunday,10,2003
D1883,Thursday,10,2003
D1884,Tuesday,10,2003
D1885,Wednesday,10,2003
D1886,Friday,9,2003
D1887,Monday,9,2003
D1888,Saturday,9,2003
D1889,Sunday,9,2003
D1890,Thursday,9,2003
D1891,Tuesday,9,2003
D1892,Wednesday,9,2003
D1893,Friday,8,2003
D1894,Monday,8,2003
D1895,Saturday,8,2003
D1896,Sunday,8,2003
D1897,Thursday,8,2003
D1898,Tuesday,8,2003
D1899,Wednesday,8,2003
D1900,Friday,7,2003
D1901,Monday,7,2003
D1902,Saturday,7,2003
D1903,Sunday,7,2003
D1904,Thursday,7,2003
D1905,Tuesday,7,2003
D1906,Wednesday,7,2003
D1907,Friday,6,2003
D1908,Monday,6,2003
D1909,Saturday,6,2003
D1910,Sunday,6,2003
D1911,Thursday,6,2003
D1912,Tuesday,6,2003
D1913,Wednesday,6,2003
D1914,Friday,5,2003
D1915,Monday,5,2003
D1916,Saturday,5,2003
D1917,Sunday,5,2003
D1918,Thursday,5,2003
D1919,Tuesday,5,2003
D1920,Wednesday,5,2003
D1921,Friday,4,2003
D1922,Monday,4,2003
D1923,Saturday,4,2003
D1924,Sunday,4,2003
D1925,Thursday,4,2003
D1926,Tuesday,4,2003
D1927,Wednesday,4,2003
D1928,Friday,3,2003
D1929,Monday,3,2003
D1930,Saturday,3,2003
D1931,Sunday,3,2003
D1932,Thursday,3,2003
D1933,Tuesday,3,2003
D1934,Wednesday,3,2003
D1935,Friday,2,2003
D1936,Monday,2,2003
D1937,Saturday,2,2003
D1938,Sunday,2,2003
D1939,Thursday,2,2003
D1940,Tuesday,2,2003
D1941,Wednesday,2,2003
D1942,Friday,1,2003
D1943,Monday,1,2003
D1944,Saturday,1,2003
D1945,Sunday,1,2003
D1946,Thursday,1,2003
D1947,Tuesday,1,2003
D1948,Wednesday,1,2003
D1949,Friday,12,2002
D1950,Monday,12,2002
D1951,Saturday,12,2002
D1952,Sunday,12,2002
D1953,Thursday,12,2002
D1954,Tuesday,12,2002
D1955,Wednesday,12,2002
D1956,Friday,11,2002
D1957,Monday,11,2002
D1958,Saturday,11,2002
D1959,Sunday,11,2002
D1960,Thursday,11,2002
D1961,Tuesday,11,2002
D1962,Wednesday,11,2002
D1963,Friday,10,2002
D1964,Monday,10,2002
D1965,Saturday,10,2002
D1966,Sunday,10,2002
D1967,Thursday,10,2002
D1968,Tuesday,10,2002
D1969,Wednesday,10,2002
D1970,Friday,9,2002
D1971,Monday,9,2002
D1972,Saturday,9,2002
D1973,Sunday,9,2002
D1974,Thursday,9,2002
D1975,Tuesday,9,2002
D1976,Wednesday,9,2002
D1977,Friday,8,2002
D1978,Monday,8,2002
D1979,Saturday,8,2002
D1980,Sunday,8,2002
D1981,Thursday,8,2002
D1982,Tuesday,8,2002
D1983,Wednesday,8,2002
D1984,Friday,7,2002
D1985,Monday,7,2002
D1986,Saturday,7,2002
D1987,Sunday,7,2002
D1988,Thursday,7,2002
D1989,Tuesday,7,2002
D1990,Wednesday,7,2002
D1991,Friday,6,2002
D1992,Monday,6,2002
D1993,Saturday,6,2002
D1994,Sunday,6,2002
D1995,Thursday,6,2002
D1996,Tuesday,6,2002
D1997,Wednesday,6,2002
D1998,Friday,5,2002
D1999,Monday,5,2002
D2000,Saturday,5,2002
D2001,Sunday,5,2002
D2002,Thursday,5,2002
D2003,Tuesday,5,2002
D2004,Wednesday,5,2002
D2005,Friday,4,2002
D2006,Monday,4,2002
D2007,Saturday,4,2002
D2008,Sunday,4,2002
D2009,Thursday,4,2002
D2010,Tuesday,4,2002
D2011,Wednesday,4,2002
D2012,Friday,3,2002
D2013,Monday,3,2002
D2014,Saturday,3,2002
D2015,Sunday,3,2002
D2016,Thursday,3,2002
D2017,Tuesday,3,2002
D2018,Wednesday,3,2002
D2019,Friday,2,2002
D2020,Monday,2,2002
D2021,Saturday,2,2002
D2022,Sunday,2,2002
D2023,Thursday,2,2002
D2024,Tuesday,2,2002
D2025,Wednesday,2,2002
D2026,Friday,1,2002
D2027,Monday,1,2002
D2028,Saturday,1,2002
D2029,Sunday,1,2002
D2030,Thursday,1,2002
D2031,Tuesday,1,2002
D2032,Wednesday,1,2002
D2033,Friday,12,2001
D2034,Monday,12,2001
D2035,Saturday,12,2001
D2036,Sunday,12,2001
D2037,Thursday,12,2001
D2038,Tuesday,12,2001
D2039,Wednesday,12,2001
D2040,Friday,11,2001
D2041,Monday,11,2001
D2042,Saturday,11,2001
D2043,Sunday,11,2001
D2044,Thursday,11,2001
D2045,Tuesday,11,2001
D2046,Wednesday,11,2001
D2047,Friday,10,2001
D2048,Monday,10,2001
D2049,Saturday,10,2001
D2050,Sunday,10,2001
D2051,Thursday,10,2001
D2052,Tuesday,10,2001
D2053,Wednesday,10,2001
D2054,Friday,9,2001
D2055,Monday,9,2001
D2056,Saturday,9,2001
D2057,Sunday,9,2001
D2058,Thursday,9,2001
D2059,Tuesday,9,2001
D2060,Wednesday,9,2001
D2061,Friday,8,2001
D2062,Monday,8,2001
D2063,Saturday,8,2001
D2064,Sunday,8,2001
D2065,Thursday,8,2001
D2066,Tuesday,8,2001
D2067,Wednesday,8,2001
D2068,Friday,7,2001
D2069,Monday,7,2001
D2070,Saturday,7,2001
D2071,Sunday,7,2001
D2072,Thursday,7,2001
D2073,Tuesday,7,2001
D2074,Wednesday,7,2001
D2075,Friday,6,2001
D2076,Monday,6,2001
D2077,Saturday,6,2001
D2078,Sunday,6,2001
D2079,Thursday,6,2001
D2080,Tuesday,6,2001
D2081,Wednesday,6,2001
D2082,Friday,5,2001
D2083,Monday,5,2001
D2084,Saturday,5,2001
D2085,Sunday,5,2001
D2086,Thursday,5,2001
D2087,Tuesday,5,2001
D2088,Wednesday,5,2001
D2089,Friday,4,2001
D2090,Monday,4,2001
D2091,Saturday,4,2001
D2092,Sunday,4,2001
D2093,Thursday,4,2001
D2094,Tuesday,4,2001
D2095,Wednesday,4,2001
D2096,Friday,3,2001
D2097,Monday,3,2001
D2098,Saturday,3,2001
D2099,Sunday,3,2001
D2100,Thursday,3,2001
D2101,Tuesday,3,2001
D2102,Wednesday,3,2001
D2103,Friday,2,2001
D2104,Monday,2,2001
D2105,Saturday,2,2001
D2106,Sunday,2,2001
D2107,Thursday,2,2001
D2108,Tuesday,2,2001
D2109,Wednesday,2,2001
D2110,Friday,1,2001
D2111,Monday,1,2001
D2112,Saturday,1,2001
D2113,Sunday,1,2001
D2114,Thursday,1,2001
D2115,Tuesday,1,2001
D2116,Wednesday,1,2001
D2117,Friday,12,2000
D2118,Monday,12,2000
D2119,Saturday,12,2000
D2120,Sunday,12,2000
D2121,Thursday,12,2000
D2122,Tuesday,12,2000
D2123,Wednesday,12,2000
D2124,Friday,11,2000
D2125,Monday,11,2000
D2126,Saturday,11,2000
D2127,Sunday,11,2000
D2128,Thursday,11,2000
D2129,Tuesday,11,2000
D2130,Wednesday,11,2000
D2131,Friday,10,2000
D2132,Monday,10,2000
D2133,Saturday,10,2000
D2134,Sunday,10,2000
D2135,Thursday,10,2000
D2136,Tuesday,10,2000
D2137,Wednesday,10,2000
D2138,Friday,9,2000
D2139,Monday,9,2000
D2140,Saturday,9,2000
D2141,Sunday,9,2000
D2142,Thursday,9,2000
D2143,Tuesday,9,2000
D2144,Wednesday,9,2000
D2145,Friday,8,2000
D2146,Monday,8,2000
D2147,Saturday,8,2000
D2148,Sunday,8,2000
D2149,Thursday,8,2000
D2150,Tuesday,8,2000
D2151,Wednesday,8,2000
D2152,Friday,7,2000
D2153,Monday,7,2000
D2154,Saturday,7,2000
D2155,Sunday,7,2000
D2156,Thursday,7,2000
D2157,Tuesday,7,2000
D2158,Wednesday,7,2000
D2159,Friday,6,2000
D2160,Monday,6,2000
D2161,Saturday,6,2000
D2162,Sunday,6,2000
D2163,Thursday,6,2000
D2164,Tuesday,6,2000
D2165,Wednesday,6,2000
D2166,Friday,5,2000
D2167,Monday,5,2000
D2168,Saturday,5,2000
D2169,Sunday,5,2000
D2170,Thursday,5,2000
D2171,Tuesday,5,2000
D2172,Wednesday,5,2000
D2173,Friday,4,2000
D2174,Monday,4,2000
D2175,Saturday,4,2000
D2176,Sunday,4,2000
D2177,Thursday,4,2000
D2178,Tuesday,4,2000
D2179,Wednesday,4,2000
D2180,Friday,3,2000
D2181,Monday,3,2000
D2182,Saturday,3,2000
D2183,Sunday,3,2000
D2184,Thursday,3,2000
D2185,Tuesday,3,2000
D2186,Wednesday,3,2000
D2187,Friday,2,2000
D2188,Monday,2,2000
D2189,Saturday,2,2000
D2190,Sunday,2,2000
D2191,Thursday,2,2000
D2192,Tuesday,2,2000
D2193,Wednesday,2,2000
D2194,Friday,1,2000
D2195,Monday,1,2000
D2196,Saturday,1,2000
D2197,Sunday,1,2000
D2198,Thursday,1,2000
D2199,Tuesday,1,2000
D2200,Wednesday,1,2000
D2201,Friday,12,1999
D2202,Monday,12,1999
D2203,Saturday,12,1999
D2204,Sunday,12,1999
D2205,Thursday,12,1999
D2206,Tuesday,12,1999
D2207,Wednesday,12,1999
D2208,Friday,11,1999
D2209,Monday,11,1999
D2210,Saturday,11,1999
D2211,Sunday,11,1999
D2212,Thursday,11,1999
D2213,Tuesday,11,1999
D2214,Wednesday,11,1999
D2215,Friday,10,1999
D2216,Monday,10,1999
D2217,Saturday,10,1999
D2218,Sunday,10,1999
D2219,Thursday,10,1999
D2220,Tuesday,10,1999
D2221,Wednesday,10,1999
D2222,Friday,9,1999
D2223,Monday,9,1999
D2224,Saturday,9,1999
D2225,Sunday,9,1999
D2226,Thursday,9,1999
D2227,Tuesday,9,1999
D2228,Wednesday,9,1999
D2229,Friday,8,1999
D2230,Monday,8,1999
D2231,Saturday,8,1999
D2232,Sunday,8,1999
D2233,Thursday,8,1999
D2234,Tuesday,8,1999
D2235,Wednesday,8,1999
D2236,Friday,7,1999
D2237,Monday,7,1999
D2238,Saturday,7,1999
D2239,Sunday,7,1999
D2240,Thursday,7,1999
D2241,Tuesday,7,1999
D2242,Wednesday,7,1999
D2243,Friday,6,1999
D2244,Monday,6,1999
D2245,Saturday,6,1999
D2246,Sunday,6,1999
D2247,Thursday,6,1999
D2248,Tuesday,6,1999
D2249,Wednesday,6,1999
D2250,Friday,5,1999
D2251,Monday,5,1999
D2252,Saturday,5,1999
D2253,Sunday,5,1999
D2254,Thursday,5,1999
D2255,Tuesday,5,1999
D2256,Wednesday,5,1999
D2257,Friday,4,1999
D2258,Monday,4,1999
D2259,Saturday,4,1999
D2260,Sunday,4,1999
D2261,Thursday,4,1999
D2262,Tuesday,4,1999
D2263,Wednesday,4,1999
D2264,Friday,3,1999
D2265,Monday,3,1999
D2266,Saturday,3,1999
D2267,Sunday,3,1999
D2268,Thursday,3,1999
D2269,Tuesday,3,1999
D2270,Wednesday,3,1999
D2271,Friday,2,1999
D2272,Monday,2,1999
D2273,Saturday,2,1999
D2274,Sunday,2,1999
D2275,Thursday,2,1999
D2276,Tuesday,2,1999
D2277,Wednesday,2,1999
D2278,Friday,1,1999
D2279,Monday,1,1999
D2280,Saturday,1,1999
D2281,Sunday,1,1999
D2282,Thursday,1,1999
D2283,Tuesday,1,1999
D2284,Wednesday,1,1999
D2285,Friday,12,1998
D2286,Monday,12,1998
D2287,Saturday,12,1998
D2288,Sunday,12,1998
D2289,Thursday,12,1998
D2290,Tuesday,12,1998
D2291,Wednesday,12,1998
D2292,Friday,11,1998
D2293,Monday,11,1998
D2294,Saturday,11,1998
D2295,Sunday,11,1998
D2296,Thursday,11,1998
D2297,Tuesday,11,1998
D2298,Wednesday,11,1998
D2299,Friday,10,1998
D2300,Monday,10,1998
D2301,Saturday,10,1998
D2302,Sunday,10,1998
D2303,Thursday,10,1998
D2304,Tuesday,10,1998
D2305,Wednesday,10,1998
D2306,Friday,9,1998
D2307,Monday,9,1998
D2308,Saturday,9,1998
D2309,Sunday,9,1998
D2310,Thursday,9,1998
D2311,Tuesday,9,1998
D2312,Wednesday,9,1998
D2313,Friday,8,1998
D2314,Monday,8,1998
D2315,Saturday,8,1998
D2316,Sunday,8,1998
D2317,Thursday,8,1998
D2318,Tuesday,8,1998
D2319,Wednesday,8,1998
D2320,Friday,7,1998
D2321,Monday,7,1998
D2322,Saturday,7,1998
D2323,Sunday,7,1998
D2324,Thursday,7,1998
D2325,Tuesday,7,1998
D2326,Wednesday,7,1998
D2327,Friday,6,1998
D2328,Monday,6,1998
D2329,Saturday,6,1998
D2330,Sunday,6,1998
D2331,Thursday,6,1998
D2332,Tuesday,6,1998
D2333,Wednesday,6,1998
D2334,Friday,5,1998
D2335,Monday,5,1998
D2336,Saturday,5,1998
D2337,Sunday,5,1998
D2338,Thursday,5,1998
D2339,Tuesday,5,1998
D2340,Wednesday,5,1998
D2341,Friday,4,1998
D2342,Monday,4,1998
D2343,Saturday,4,1998
D2344,Sunday,4,1998
D2345,Thursday,4,1998
D2346,Tuesday,4,1998
D2347,Wednesday,4,1998
D2348,Friday,3,1998
D2349,Monday,3,1998
D2350,Saturday,3,1998
D2351,Sunday,3,1998
D2352,Thursday,3,1998
D2353,Tuesday,3,1998
D2354,Wednesday,3,1998
D2355,Friday,2,1998
D2356,Monday,2,1998
D2357,Saturday,2,1998
D2358,Sunday,2,1998
D2359,Thursday,2,1998
D2360,Tuesday,2,1998
D2361,Wednesday,2,1998
D2362,Friday,1,1998
D2363,Monday,1,1998
D2364,Saturday,1,1998
D2365,Sunday,1,1998
D2366,Thursday,1,1998
D2367,Tuesday,1,1998
D2368,Wednesday,1,1998
D2369,Friday,12,1997
D2370,Monday,12,1997
D2371,Saturday,12,1997
D2372,Sunday,12,1997
D2373,Thursday,12,1997
D2374,Tuesday,12,1997
D2375,Wednesday,12,1997
D2376,Friday,11,1997
D2377,Monday,11,1997
D2378,Saturday,11,1997
D2379,Sunday,11,1997
D2380,Thursday,11,1997
D2381,Tuesday,11,1997
D2382,Wednesday,11,1997
D2383,Friday,10,1997
D2384,Monday,10,1997
D2385,Saturday,10,1997
D2386,Sunday,10,1997
D2387,Thursday,10,1997
D2388,Tuesday,10,1997
D2389,Wednesday,10,1997
D2390,Friday,9,1997
D2391,Monday,9,1997
D2392,Saturday,9,1997
D2393,Sunday,9,1997
D2394,Thursday,9,1997
D2395,Tuesday,9,1997
D2396,Wednesday,9,1997
D2397,Friday,8,1997
D2398,Monday,8,1997
D2399,Saturday,8,1997
D2400,Sunday,8,1997
D2401,Thursday,8,1997
D2402,Tuesday,8,1997
D2403,Wednesday,8,1997
D2404,Friday,7,1997
D2405,Monday,7,1997
D2406,Saturday,7,1997
D2407,Sunday,7,1997
D2408,Thursday,7,1997
D2409,Tuesday,7,1997
D2410,Wednesday,7,1997
D2411,Friday,6,1997
D2412,Monday,6,1997
D2413,Saturday,6,1997
D2414,Sunday,6,1997
D2415,Thursday,6,1997
D2416,Tuesday,6,1997
D2417,Wednesday,6,1997
D2418,Friday,5,1997
D2419,Monday,5,1997
D2420,Saturday,5,1997
D2421,Sunday,5,1997
D2422,Thursday,5,1997
D2423,Tuesday,5,1997
D2424,Wednesday,5,1997
D2425,Friday,4,1997
D2426,Monday,4,1997
D2427,Saturday,4,1997
D2428,Sunday,4,1997
D2429,Thursday,4,1997
D2430,Tuesday,4,1997
D2431,Wednesday,4,1997
D2432,Friday,3,1997
D2433,Monday,3,1997
D2434,Saturday,3,1997
D2435,Sunday,3,1997
D2436,Thursday,3,1997
D2437,Tuesday,3,1997
D2438,Wednesday,3,1997
D2439,Friday,2,1997
D2440,Monday,2,1997
D2441,Saturday,2,1997
D2442,Sunday,2,1997
D2443,Thursday,2,1997
D2444,Tuesday,2,1997
D2445,Wednesday,2,1997
D2446,Friday,1,1997
D2447,Monday,1,1997
D2448,Saturday,1,1997
D2449,Sunday,1,1997
D2450,Thursday,1,1997
D2451,Tuesday,1,1997
D2452,Wednesday,1,1997
D2453,Friday,12,1996
D2454,Monday,12,1996
D2455,Saturday,12,1996
D2456,Sunday,12,1996
D2457,Thursday,12,1996
D2458,Tuesday,12,1996
D2459,Wednesday,12,1996
D2460,Friday,11,1996
D2461,Monday,11,1996
D2462,Saturday,11,1996
D2463,Sunday,11,1996
D2464,Thursday,11,1996
D2465,Tuesday,11,1996
D2466,Wednesday,11,1996
D2467,Friday,10,1996
D2468,Monday,10,1996
D2469,Saturday,10,1996
D2470,Sunday,10,1996
D2471,Thursday,10,1996
D2472,Tuesday,10,1996
D2473,Wednesday,10,1996
D2474,Friday,9,1996
D2475,Monday,9,1996
D2476,Saturday,9,1996
D2477,Sunday,9,1996
D2478,Thursday,9,1996
D2479,Tuesday,9,1996
D2480,Wednesday,9,1996
D2481,Friday,8,1996
D2482,Monday,8,1996
D2483,Saturday,8,1996
D2484,Sunday,8,1996
D2485,Thursday,8,1996
D2486,Tuesday,8,1996
D2487,Wednesday,8,1996
D2488,Friday,7,1996
D2489,Monday,7,1996
D2490,Saturday,7,1996
D2491,Sunday,7,1996
D2492,Thursday,7,1996
D2493,Tuesday,7,1996
D2494,Wednesday,7,1996
D2495,Friday,6,1996
D2496,Monday,6,1996
D2497,Saturday,6,1996
D2498,Sunday,6,1996
D2499,Thursday,6,1996
D2500,Tuesday,6,1996
D2501,Wednesday,6,1996
D2502,Friday,5,1996
D2503,Monday,5,1996
D2504,Saturday,5,1996
D2505,Sunday,5,1996
D2506,Thursday,5,1996
D2507,Tuesday,5,1996
D2508,Wednesday,5,1996
D2509,Friday,4,1996
D2510,Monday,4,1996
D2511,Saturday,4,1996
D2512,Sunday,4,1996
D2513,Thursday,4,1996
D2514,Tuesday,4,1996
D2515,Wednesday,4,1996
D2516,Friday,3,1996
D2517,Monday,3,1996
D2518,Saturday,3,1996
D2519,Sunday,3,1996
D2520,Thursday,3,1996
D2521,Tuesday,3,1996
D2522,Wednesday,3,1996
D2523,Friday,2,1996
D2524,Monday,2,1996
D2525,Saturday,2,1996
D2526,Sunday,2,1996
D2527,Thursday,2,1996
D2528,Tuesday,2,1996
D2529,Wednesday,2,1996
D2530,Friday,1,1996
D2531,Monday,1,1996
D2532,Saturday,1,1996
D2533,Sunday,1,1996
D2534,Thursday,1,1996
D2535,Tuesday,1,1996
D2536,Wednesday,1,1996
D2537,Friday,12,1995
D2538,Monday,12,1995
D2539,Saturday,12,1995
D2540,Sunday,12,1995
D2541,Thursday,12,1995
D2542,Tuesday,12,1995
D2543,Wednesday,12,1995
D2544,Friday,11,1995
D2545,Monday,11,1995
D2546,Saturday,11,1995
D2547,Sunday,11,1995
D2548,Thursday,11,1995
D2549,Tuesday,11,1995
D2550,Wednesday,11,1995
D2551,Friday,10,1995
D2552,Monday,10,1995
D2553,Saturday,10,1995
D2554,Sunday,10,1995
D2555,Thursday,10,1995
D2556,Tuesday,10,1995
D2557,Wednesday,10,1995
D2558,Friday,9,1995
D2559,Monday,9,1995
D2560,Saturday,9,1995
D2561,Sunday,9,1995
D2562,Thursday,9,1995
D2563,Tuesday,9,1995
D2564,Wednesday,9,1995
D2565,Friday,8,1995
D2566,Monday,8,1995
D2567,Saturday,8,1995
D2568,Sunday,8,1995
D2569,Thursday,8,1995
D2570,Tuesday,8,1995
D2571,Wednesday,8,1995
D2572,Friday,7,1995
D2573,Monday,7,1995
D2574,Saturday,7,1995
D2575,Sunday,7,1995
D2576,Thursday,7,1995
D2577,Tuesday,7,1995
D2578,Wednesday,7,1995
D2579,Friday,6,1995
D2580,Monday,6,1995
D2581,Saturday,6,1995
D2582,Sunday,6,1995
D2583,Thursday,6,1995
D2584,Tuesday,6,1995
D2585,Wednesday,6,1995
D2586,Friday,5,1995
D2587,Monday,5,1995
D2588,Saturday,5,1995
D2589,Sunday,5,1995
D2590,Thursday,5,1995
D2591,Tuesday,5,1995
D2592,Wednesday,5,1995
D2593,Friday,4,1995
D2594,Monday,4,1995
D2595,Saturday,4,1995
D2596,Sunday,4,1995
D2597,Thursday,4,1995
D2598,Tuesday,4,1995
D2599,Wednesday,4,1995
D2600,Friday,3,1995
D2601,Monday,3,1995
D2602,Saturday,3,1995
D2603,Sunday,3,1995
D2604,Thursday,3,1995
D2605,Tuesday,3,1995
D2606,Wednesday,3,1995
D2607,Friday,2,1995
D2608,Monday,2,1995
D2609,Saturday,2,1995
D2610,Sunday,2,1995
D2611,Thursday,2,1995
D2612,Tuesday,2,1995
D2613,Wednesday,2,1995
D2614,Friday,1,1995
D2615,Monday,1,1995
D2616,Saturday,1,1995
D2617,Sunday,1,1995
D2618,Thursday,1,1995
D2619,Tuesday,1,1995
D2620,Wednesday,1,1995
D2621,Friday,12,1994
D2622,Monday,12,1994
D2623,Saturday,12,1994
D2624,Sunday,12,1994
D2625,Thursday,12,1994
D2626,Tuesday,12,1994
D2627,Wednesday,12,1994
D2628,Friday,11,1994
D2629,Monday,11,1994
D2630,Saturday,11,1994
D2631,Sunday,11,1994
D2632,Thursday,11,1994
D2633,Tuesday,11,1994
D2634,Wednesday,11,1994
D2635,Friday,10,1994
D2636,Monday,10,1994
D2637,Saturday,10,1994
D2638,Sunday,10,1994
D2639,Thursday,10,1994
D2640,Tuesday,10,1994
D2641,Wednesday,10,1994
D2642,Friday,9,1994
D2643,Monday,9,1994
D2644,Saturday,9,1994
D2645,Sunday,9,1994
D2646,Thursday,9,1994
D2647,Tuesday,9,1994
D2648,Wednesday,9,1994
D2649,Friday,8,1994
D2650,Monday,8,1994
D2651,Saturday,8,1994
D2652,Sunday,8,1994
D2653,Thursday,8,1994
D2654,Tuesday,8,1994
D2655,Wednesday,8,1994
D2656,Friday,7,1994
D2657,Monday,7,1994
D2658,Saturday,7,1994
D2659,Sunday,7,1994
D2660,Thursday,7,1994
D2661,Tuesday,7,1994
D2662,Wednesday,7,1994
D2663,Friday,6,1994
D2664,Monday,6,1994
D2665,Saturday,6,1994
D2666,Sunday,6,1994
D2667,Thursday,6,1994
D2668,Tuesday,6,1994
D2669,Wednesday,6,1994
D2670,Friday,5,1994
D2671,Monday,5,1994
D2672,Saturday,5,1994
D2673,Sunday,5,1994
D2674,Thursday,5,1994
D2675,Tuesday,5,1994
D2676,Wednesday,5,1994
D2677,Friday,4,1994
D2678,Monday,4,1994
D2679,Saturday,4,1994
D2680,Sunday,4,1994
D2681,Thursday,4,1994
D2682,Tuesday,4,1994
D2683,Wednesday,4,1994
D2684,Friday,3,1994
D2685,Monday,3,1994
D2686,Saturday,3,1994
D2687,Sunday,3,1994
D2688,Thursday,3,1994
D2689,Tuesday,3,1994
D2690,Wednesday,3,1994
D2691,Friday,2,1994
D2692,Monday,2,1994
D2693,Saturday,2,1994
D2694,Sunday,2,1994
D2695,Thursday,2,1994
D2696,Tuesday,2,1994
D2697,Wednesday,2,1994
D2698,Friday,1,1994
D2699,Monday,1,1994
D2700,Saturday,1,1994
D2701,Sunday,1,1994
D2702,Thursday,1,1994
D2703,Tuesday,1,1994
D2704,Wednesday,1,1994
D2705,Friday,12,1993
D2706,Monday,12,1993
D2707,Saturday,12,1993
D2708,Sunday,12,1993
D2709,Thursday,12,1993
D2710,Tuesday,12,1993
D2711,Wednesday,12,1993
D2712,Friday,11,1993
D2713,Monday,11,1993
D2714,Saturday,11,1993
D2715,Sunday,11,1993
D2716,Thursday,11,1993
D2717,Tuesday,11,1993
D2718,Wednesday,11,1993
D2719,Friday,10,1993
D2720,Monday,10,1993
D2721,Saturday,10,1993
D2722,Sunday,10,1993
D2723,Thursday,10,1993
D2724,Tuesday,10,1993
D2725,Wednesday,10,1993
D2726,Friday,9,1993
D2727,Monday,9,1993
D2728,Saturday,9,1993
D2729,Sunday,9,1993
D2730,Thursday,9,1993
D2731,Tuesday,9,1993
D2732,Wednesday,9,1993
D2733,Friday,8,1993
D2734,Monday,8,1993
D2735,Saturday,8,1993
D2736,Sunday,8,1993
D2737,Thursday,8,1993
D2738,Tuesday,8,1993
D2739,Wednesday,8,1993
D2740,Friday,7,1993
D2741,Monday,7,1993
D2742,Saturday,7,1993
D2743,Sunday,7,1993
D2744,Thursday,7,1993
D2745,Tuesday,7,1993
D2746,Wednesday,7,1993
D2747,Friday,6,1993
D2748,Monday,6,1993
D2749,Saturday,6,1993
D2750,Sunday,6,1993
D2751,Thursday,6,1993
D2752,Tuesday,6,1993
D2753,Wednesday,6,1993
D2754,Friday,5,1993
D2755,Monday,5,1993
D2756,Saturday,5,1993
D2757,Sunday,5,1993
D2758,Thursday,5,1993
D2759,Tuesday,5,1993
D2760,Wednesday,5,1993
D2761,Friday,4,1993
D2762,Monday,4,1993
D2763,Saturday,4,1993
D2764,Sunday,4,1993
D2765,Thursday,4,1993
D2766,Tuesday,4,1993
D2767,Wednesday,4,1993
D2768,Friday,3,1993
D2769,Monday,3,1993
D2770,Saturday,3,1993
D2771,Sunday,3,1993
D2772,Thursday,3,1993
D2773,Tuesday,3,1993
D2774,Wednesday,3,1993
D2775,Friday,2,1993
D2776,Monday,2,1993
D2777,Saturday,2,1993
D2778,Sunday,2,1993
D2779,Thursday,2,1993
D2780,Tuesday,2,1993
D2781,Wednesday,2,1993
D2782,Friday,1,1993
D2783,Monday,1,1993
D2784,Saturday,1,1993
D2785,Sunday,1,1993
D2786,Thursday,1,1993
D2787,Tuesday,1,1993
D2788,Wednesday,1,1993
D2789,Friday,12,1992
D2790,Monday,12,1992
D2791,Saturday,12,1992
D2792,Sunday,12,1992
D2793,Thursday,12,1992
D2794,Tuesday,12,1992
D2795,Wednesday,12,1992
D2796,Friday,11,1992
D2797,Monday,11,1992
D2798,Saturday,11,1992
D2799,Sunday,11,1992
D2800,Thursday,11,1992
D2801,Tuesday,11,1992
D2802,Wednesday,11,1992
D2803,Friday,10,1992
D2804,Monday,10,1992
D2805,Saturday,10,1992
D2806,Sunday,10,1992
D2807,Thursday,10,1992
D2808,Tuesday,10,1992
D2809,Wednesday,10,1992
D2810,Friday,9,1992
D2811,Monday,9,1992
D2812,Saturday,9,1992
D2813,Sunday,9,1992
D2814,Thursday,9,1992
D2815,Tuesday,9,1992
D2816,Wednesday,9,1992
D2817,Friday,8,1992
D2818,Monday,8,1992
D2819,Saturday,8,1992
D2820,Sunday,8,1992
D2821,Thursday,8,1992
D2822,Tuesday,8,1992
D2823,Wednesday,8,1992
D2824,Friday,7,1992
D2825,Monday,7,1992
D2826,Saturday,7,1992
D2827,Sunday,7,1992
D2828,Thursday,7,1992
D2829,Tuesday,7,1992
D2830,Wednesday,7,1992
D2831,Friday,6,1992
D2832,Monday,6,1992
D2833,Saturday,6,1992
D2834,Sunday,6,1992
D2835,Thursday,6,1992
D2836,Tuesday,6,1992
D2837,Wednesday,6,1992
D2838,Friday,5,1992
D2839,Monday,5,1992
D2840,Saturday,5,1992
D2841,Sunday,5,1992
D2842,Thursday,5,1992
D2843,Tuesday,5,1992
D2844,Wednesday,5,1992
D2845,Friday,4,1992
D2846,Monday,4,1992
D2847,Saturday,4,1992
D2848,Sunday,4,1992
D2849,Thursday,4,1992
D2850,Tuesday,4,1992
D2851,Wednesday,4,1992
D2852,Friday,3,1992
D2853,Monday,3,1992
D2854,Saturday,3,1992
D2855,Sunday,3,1992
D2856,Thursday,3,1992
D2857,Tuesday,3,1992
D2858,Wednesday,3,1992
D2859,Friday,2,1992
D2860,Monday,2,1992
D2861,Saturday,2,1992
D2862,Sunday,2,1992
D2863,Thursday,2,1992
D2864,Tuesday,2,1992
D2865,Wednesday,2,1992
D2866,Friday,1,1992
D2867,Monday,1,1992
D2868,Saturday,1,1992
D2869,Sunday,1,1992
D2870,Thursday,1,1992
D2871,Tuesday,1,1992
D2872,Wednesday,1,1992
D2873,Friday,12,1991
D2874,Monday,12,1991
D2875,Saturday,12,1991
D2876,Sunday,12,1991
D2877,Thursday,12,1991
D2878,Tuesday,12,1991
D2879,Wednesday,12,1991
D2880,Friday,11,1991
D2881,Monday,11,1991
D2882,Saturday,11,1991
D2883,Sunday,11,1991
D2884,Thursday,11,1991
D2885,Tuesday,11,1991
D2886,Wednesday,11,1991
D2887,Friday,10,1991
D2888,Monday,10,1991
D2889,Saturday,10,1991
D2890,Sunday,10,1991
D2891,Thursday,10,1991
D2892,Tuesday,10,1991
D2893,Wednesday,10,1991
D2894,Friday,9,1991
D2895,Monday,9,1991
D2896,Saturday,9,1991
D2897,Sunday,9,1991
D2898,Thursday,9,1991
D2899,Tuesday,9,1991
D2900,Wednesday,9,1991
D2901,Friday,8,1991
D2902,Monday,8,1991
D2903,Saturday,8,1991
D2904,Sunday,8,1991
D2905,Thursday,8,1991
D2906,Tuesday,8,1991
D2907,Wednesday,8,1991
D2908,Friday,7,1991
D2909,Monday,7,1991
D2910,Saturday,7,1991
D2911,Sunday,7,1991
D2912,Thursday,7,1991
D2913,Tuesday,7,1991
D2914,Wednesday,7,1991
D2915,Friday,6,1991
D2916,Monday,6,1991
D2917,Saturday,6,1991
D2918,Sunday,6,1991
D2919,Thursday,6,1991
D2920,Tuesday,6,1991
D2921,Wednesday,6,1991
D2922,Friday,5,1991
D2923,Monday,5,1991
D2924,Saturday,5,1991
D2925,Sunday,5,1991
D2926,Thursday,5,1991
D2927,Tuesday,5,1991
D2928,Wednesday,5,1991
D2929,Friday,4,1991
D2930,Monday,4,1991
D2931,Saturday,4,1991
D2932,Sunday,4,1991
D2933,Thursday,4,1991
D2934,Tuesday,4,1991
D2935,Wednesday,4,1991
D2936,Friday,3,1991
D2937,Monday,3,1991
D2938,Saturday,3,1991
D2939,Sunday,3,1991
D2940,Thursday,3,1991
D2941,Tuesday,3,1991
D2942,Wednesday,3,1991
D2943,Friday,2,1991
D2944,Monday,2,1991
D2945,Saturday,2,1991
D2946,Sunday,2,1991
D2947,Thursday,2,1991
D2948,Tuesday,2,1991
D2949,Wednesday,2,1991
D2950,Friday,1,1991
D2951,Monday,1,1991
D2952,Saturday,1,1991
D2953,Sunday,1,1991
D2954,Thursday,1,1991
D2955,Tuesday,1,1991
D2956,Wednesday,1,1991
D2957,Friday,12,1990
D2958,Monday,12,1990
D2959,Saturday,12,1990
D2960,Sunday,12,1990
D2961,Thursday,12,1990
D2962,Tuesday,12,1990
D2963,Wednesday,12,1990
D2964,Friday,11,1990
D2965,Monday,11,1990
D2966,Saturday,11,1990
D2967,Sunday,11,1990
D2968,Thursday,11,1990
D2969,Tuesday,11,1990
D2970,Wednesday,11,1990
D2971,Friday,10,1990
D2972,Monday,10,1990
D2973,Saturday,10,1990
D2974,Sunday,10,1990
D2975,Thursday,10,1990
D2976,Tuesday,10,1990
D2977,Wednesday,10,1990
D2978,Friday,9,1990
D2979,Monday,9,1990
D2980,Saturday,9,1990
D2981,Sunday,9,1990
D2982,Thursday,9,1990
D2983,Tuesday,9,1990
D2984,Wednesday,9,1990
D2985,Friday,8,1990
D2986,Monday,8,1990
D2987,Saturday,8,1990
D2988,Sunday,8,1990
D2989,Thursday,8,1990
D2990,Tuesday,8,1990
D2991,Wednesday,8,1990
D2992,Friday,7,1990
D2993,Monday,7,1990
D2994,Saturday,7,1990
D2995,Sunday,7,1990
D2996,Thursday,7,1990
D2997,Tuesday,7,1990
D2998,Wednesday,7,1990
D2999,Friday,6,1990
D3000,Monday,6,1990
D3001,Saturday,6,1990
D3002,Sunday,6,1990
D3003,Thursday,6,1990
D3004,Tuesday,6,1990
D3005,Wednesday,6,1990
D3006,Friday,5,1990
D3007,Monday,5,1990
D3008,Saturday,5,1990
D3009,Sunday,5,1990
D3010,Thursday,5,1990
D3011,Tuesday,5,1990
D3012,Wednesday,5,1990
D3013,Friday,4,1990
D3014,Monday,4,1990
D3015,Saturday,4,1990
D3016,Sunday,4,1990
D3017,Thursday,4,1990
D3018,Tuesday,4,1990
D3019,Wednesday,4,1990
D3020,Friday,3,1990
D3021,Monday,3,1990
D3022,Saturday,3,1990
D3023,Sunday,3,1990
D3024,Thursday,3,1990
D3025,Tuesday,3,1990
D3026,Wednesday,3,1990
D3027,Friday,2,1990
D3028,Monday,2,1990
D3029,Saturday,2,1990
D3030,Sunday,2,1990
D3031,Thursday,2,1990
D3032,Tuesday,2,1990
D3033,Wednesday,2,1990
D3034,Friday,1,1990
D3035,Monday,1,1990
D3036,Saturday,1,1990
D3037,Sunday,1,1990
D3038,Thursday,1,1990
D3039,Tuesday,1,1990
D3040,Wednesday,1,1990
D3041,Friday,12,1989
D3042,Monday,12,1989
D3043,Saturday,12,1989
D3044,Sunday,12,1989
D3045,Thursday,12,1989
D3046,Tuesday,12,1989
D3047,Wednesday,12,1989
D3048,Friday,11,1989
D3049,Monday,11,1989
D3050,Saturday,11,1989
D3051,Sunday,11,1989
D3052,Thursday,11,1989
D3053,Tuesday,11,1989
D3054,Wednesday,11,1989
D3055,Friday,10,1989
D3056,Monday,10,1989
D3057,Saturday,10,1989
D3058,Sunday,10,1989
D3059,Thursday,10,1989
D3060,Tuesday,10,1989
D3061,Wednesday,10,1989
D3062,Friday,9,1989
D3063,Monday,9,1989
D3064,Saturday,9,1989
D3065,Sunday,9,1989
D3066,Thursday,9,1989
D3067,Tuesday,9,1989
D3068,Wednesday,9,1989
D3069,Friday,8,1989
D3070,Monday,8,1989
D3071,Saturday,8,1989
D3072,Sunday,8,1989
D3073,Thursday,8,1989
D3074,Tuesday,8,1989
D3075,Wednesday,8,1989
D3076,Friday,7,1989
D3077,Monday,7,1989
D3078,Saturday,7,1989
D3079,Sunday,7,1989
D3080,Thursday,7,1989
D3081,Tuesday,7,1989
D3082,Wednesday,7,1989
D3083,Friday,6,1989
D3084,Monday,6,1989
D3085,Saturday,6,1989
D3086,Sunday,6,1989
D3087,Thursday,6,1989
D3088,Tuesday,6,1989
D3089,Wednesday,6,1989
D3090,Friday,5,1989
D3091,Monday,5,1989
D3092,Saturday,5,1989
D3093,Sunday,5,1989
D3094,Thursday,5,1989
D3095,Tuesday,5,1989
D3096,Wednesday,5,1989
D3097,Friday,4,1989
D3098,Monday,4,1989
D3099,Saturday,4,1989
D3100,Sunday,4,1989
D3101,Thursday,4,1989
D3102,Tuesday,4,1989
D3103,Wednesday,4,1989
D3104,Friday,3,1989
D3105,Monday,3,1989
D3106,Saturday,3,1989
D3107,Sunday,3,1989
D3108,Thursday,3,1989
D3109,Tuesday,3,1989
D3110,Wednesday,3,1989
D3111,Friday,2,1989
D3112,Monday,2,1989
D3113,Saturday,2,1989
D3114,Sunday,2,1989
D3115,Thursday,2,1989
D3116,Tuesday,2,1989
D3117,Wednesday,2,1989
D3118,Friday,1,1989
D3119,Monday,1,1989
D3120,Saturday,1,1989
D3121,Sunday,1,1989
D3122,Thursday,1,1989
D3123,Tuesday,1,1989
D3124,Wednesday,1,1989
